{"cameraMode":{"drawMode":0,"name":"Shaded","section":"Shading Mode"},"sceneLighting":true,"audioPlay":false,"sceneViewState":{"m_AlwaysRefresh":false,"showFog":true,"showSkybox":true,"showFlares":true,"showImageEffects":true,"showParticleSystems":true,"showVisualEffectGraphs":true,"m_FxEnabled":true},"in2DMode":false,"pivot":{"x":1.2331382036209107,"y":-6.188404560089111,"z":1.273985505104065},"rotation":{"x":-0.31835249066352847,"y":0.20041455328464509,"z":-0.06905270367860794,"w":-0.9239711761474609},"size":20.607385635375978,"orthographic":false}